StaffID,Name,Role
7183312,William Garcia,Receptionist
7140751,Robert Davis,Receptionist
7869410,Jennifer Williams,Health Information Manager
7818697,Elizabeth Smith,Billing Coordinator
7734359,Mary Jones,Supply Chain Coordinator
7819407,William Williams,Patient Coordinator
7336333,Linda Johnson,Office Manager
7248669,James Garcia,IT Administrator
7640205,Linda Garcia,Medical Secretary
7582108,James Rodriguez,Patient Coordinator
7536190,Linda Martinez,Billing Coordinator
7554540,William Rodriguez,Human Resources Administrator
7063303,Jennifer Smith,Human Resources Administrator
7736103,Robert Jones,Office Manager
7618600,Patricia Miller,Health Information Manager
7025262,Robert Davis,Supply Chain Coordinator
7660703,James Garcia,Supply Chain Coordinator
7765159,Jennifer Davis,Human Resources Administrator
7900353,James Miller,Patient Coordinator
7124674,Patricia Johnson,Supply Chain Coordinator
7410585,William Martinez,Receptionist
7818060,William Brown,IT Administrator
7029834,John Brown,Medical Secretary
7471750,Elizabeth Martinez,Human Resources Administrator
7146267,Michael Miller,Medical Secretary
7213784,Michael Martinez,IT Administrator
7048872,Jennifer Garcia,Supply Chain Coordinator
7133075,John Rodriguez,Patient Coordinator
7033232,William Jones,Health Information Manager
7290289,Jennifer Rodriguez,Receptionist
7787670,Michael Brown,Human Resources Administrator
7616806,Elizabeth Davis,Compliance Officer
7344806,Mary Brown,Health Information Manager
7081957,Patricia Martinez,Supply Chain Coordinator
7465323,John Brown,Health Information Manager
7835158,Jennifer Williams,Office Manager
7391128,Michael Williams,Receptionist
7801720,Michael Davis,Billing Coordinator
7661710,Linda Garcia,Office Manager
7243409,Mary Miller,Health Information Manager
7115385,Linda Rodriguez,Supply Chain Coordinator
7301957,John Johnson,Human Resources Administrator
7906183,Michael Davis,Health Information Manager
7444364,William Rodriguez,Billing Coordinator
7653455,Linda Garcia,Human Resources Administrator
7235022,James Miller,Supply Chain Coordinator
7962275,Jennifer Williams,Patient Coordinator
7603472,Robert Miller,Patient Coordinator
7761746,Linda Martinez,Compliance Officer
7393658,Elizabeth Rodriguez,Receptionist
7668602,Michael Garcia,Medical Secretary
7473454,Robert Smith,Compliance Officer
7642788,John Smith,Billing Coordinator
7960184,William Williams,Office Manager
7529127,Mary Rodriguez,Supply Chain Coordinator
7180700,Jennifer Garcia,Receptionist
7592401,Jennifer Smith,Receptionist
7366244,Michael Rodriguez,Health Information Manager
7443200,John Garcia,Health Information Manager
7823348,Patricia Brown,Supply Chain Coordinator
7434366,Linda Williams,Patient Coordinator
7747354,William Garcia,Billing Coordinator
7796657,John Williams,Supply Chain Coordinator
7918185,Linda Davis,Human Resources Administrator
7988038,Mary Garcia,Receptionist
7529530,Robert Jones,IT Administrator
7805434,Elizabeth Miller,Patient Coordinator
7948142,John Johnson,Compliance Officer
7158076,Elizabeth Davis,Billing Coordinator
7997251,William Jones,Supply Chain Coordinator
7240008,Mary Brown,Supply Chain Coordinator
7261415,Patricia Jones,Supply Chain Coordinator
7590665,Elizabeth Smith,Medical Secretary
7258110,William Smith,Office Manager
7865295,Mary Smith,Compliance Officer
7597515,William Rodriguez,Receptionist
7798319,Mary Miller,IT Administrator
7356061,Elizabeth Rodriguez,Office Manager
7172659,John Martinez,Human Resources Administrator
7469362,Linda Williams,Billing Coordinator
7533665,Linda Miller,IT Administrator
7158634,Michael Johnson,Health Information Manager
7095842,James Martinez,Health Information Manager
7853683,Patricia Davis,Health Information Manager
7536121,James Davis,Human Resources Administrator
7561322,Michael Smith,Supply Chain Coordinator
7054923,Elizabeth Garcia,Patient Coordinator
7916157,Jennifer Martinez,Supply Chain Coordinator
7339450,Mary Smith,Compliance Officer
7848730,James Smith,Billing Coordinator
7535187,James Davis,Human Resources Administrator
7566245,James Brown,Human Resources Administrator
7405217,Elizabeth Miller,Health Information Manager
7080236,Mary Davis,Medical Secretary
7792843,Elizabeth Smith,Human Resources Administrator
7634156,Patricia Rodriguez,Human Resources Administrator
7686463,Mary Miller,Office Manager
7762156,Jennifer Rodriguez,Compliance Officer
7945824,Mary Rodriguez,Medical Secretary
7163432,Jennifer Miller,Office Manager
7468446,Robert Garcia,Patient Coordinator
7283296,Linda Garcia,Supply Chain Coordinator
7975434,William Jones,Compliance Officer
7856946,Robert Rodriguez,Receptionist
7350283,Mary Smith,IT Administrator
7124164,Linda Rodriguez,Health Information Manager
7620813,Michael Martinez,Receptionist
7856317,Michael Smith,Medical Secretary
7967261,Robert Martinez,Medical Secretary
7434021,William Johnson,IT Administrator
7330594,John Rodriguez,Receptionist
7675465,Linda Martinez,Office Manager
7628403,James Martinez,Billing Coordinator
7275764,Elizabeth Martinez,Office Manager
7938377,Patricia Johnson,Health Information Manager
7874800,Michael Rodriguez,Medical Secretary
7986669,James Garcia,IT Administrator
7010518,Robert Davis,Patient Coordinator
7066231,John Miller,Compliance Officer
7932339,Mary Williams,Receptionist
7316538,James Williams,Supply Chain Coordinator
7466006,Linda Williams,Human Resources Administrator
7216304,William Johnson,IT Administrator
7588883,Michael Garcia,Office Manager
7820590,Michael Martinez,Billing Coordinator
7732641,James Miller,Office Manager
7137496,Linda Smith,Billing Coordinator
7309676,Patricia Miller,Supply Chain Coordinator
7605160,Linda Johnson,Receptionist
7447065,Robert Williams,Health Information Manager
7807513,Patricia Davis,IT Administrator
7002383,Elizabeth Davis,Billing Coordinator
7197032,Elizabeth Rodriguez,Compliance Officer
7312644,Robert Martinez,Health Information Manager
7947997,Patricia Brown,Human Resources Administrator
7420038,Linda Brown,Compliance Officer
7076937,Robert Williams,Medical Secretary
7482181,John Davis,Billing Coordinator
7482697,Robert Smith,Human Resources Administrator
7145574,Michael Miller,Health Information Manager
7842048,Mary Davis,Medical Secretary
7003360,Robert Jones,IT Administrator
7521142,James Williams,IT Administrator
7167524,Patricia Rodriguez,Receptionist
7282139,Jennifer Jones,Human Resources Administrator
7699329,John Williams,Human Resources Administrator
7278713,Robert Brown,Medical Secretary
7222563,Patricia Johnson,Supply Chain Coordinator
7560336,Patricia Miller,Medical Secretary
7946791,Patricia Brown,Office Manager
7123326,Michael Martinez,Office Manager
7543252,Linda Martinez,Health Information Manager
7605158,John Davis,Medical Secretary
7935933,Linda Rodriguez,Compliance Officer
7103165,Elizabeth Johnson,Supply Chain Coordinator
7691663,Robert Williams,Receptionist
7304576,Jennifer Garcia,IT Administrator
7321789,Jennifer Williams,Receptionist
7235217,William Williams,IT Administrator
7328970,Patricia Garcia,Compliance Officer
7830223,Patricia Rodriguez,Compliance Officer
7423983,Michael Smith,Supply Chain Coordinator
7359951,Mary Garcia,Compliance Officer
7329765,Mary Smith,Health Information Manager
7658795,James Jones,Receptionist
7785073,Linda Miller,Receptionist
7343298,William Miller,Health Information Manager
7038581,James Miller,Medical Secretary
7480591,Michael Jones,IT Administrator
7959268,Jennifer Miller,IT Administrator
7177718,Elizabeth Davis,Supply Chain Coordinator
7397627,Michael Jones,IT Administrator
7656850,James Smith,Health Information Manager
7334433,Robert Williams,Medical Secretary
7443529,Linda Johnson,Patient Coordinator
7664591,John Garcia,Receptionist
7034563,William Rodriguez,Patient Coordinator
7217152,Elizabeth Johnson,Human Resources Administrator
7420585,James Davis,IT Administrator
7990769,Mary Garcia,Office Manager
7133686,James Brown,Office Manager
7798957,Michael Martinez,IT Administrator
7918836,Robert Rodriguez,Human Resources Administrator
7543857,William Davis,Receptionist
7980086,Jennifer Rodriguez,Supply Chain Coordinator
7557447,Patricia Miller,Supply Chain Coordinator
7423232,Mary Davis,Medical Secretary
7962821,Elizabeth Garcia,Compliance Officer
7969465,James Williams,Office Manager
7545652,Robert Garcia,Supply Chain Coordinator
7751707,William Brown,Compliance Officer
7413168,Mary Brown,Billing Coordinator
7673291,Patricia Martinez,Receptionist
7636094,Elizabeth Brown,Health Information Manager
7990559,William Jones,Receptionist
7619230,John Williams,IT Administrator
7316854,John Williams,IT Administrator
7349693,Patricia Miller,IT Administrator
7664417,John Jones,IT Administrator
7257464,Jennifer Rodriguez,Billing Coordinator
7316618,Elizabeth Jones,Medical Secretary
7448396,James Williams,Supply Chain Coordinator
7817844,Robert Williams,Billing Coordinator
7903068,John Rodriguez,Human Resources Administrator
7340965,Jennifer Johnson,Compliance Officer
7537006,William Johnson,Health Information Manager
7910615,Elizabeth Smith,IT Administrator
7101119,William Miller,Compliance Officer
7503163,Robert Williams,IT Administrator
7005246,William Brown,Office Manager
7604336,Robert Garcia,Receptionist
7579786,Patricia Johnson,Office Manager
7896075,Michael Jones,Patient Coordinator
7877570,Mary Martinez,Human Resources Administrator
7883170,Mary Brown,Receptionist
7844825,Robert Garcia,Human Resources Administrator
7338603,Jennifer Smith,Receptionist
7811006,Jennifer Smith,Health Information Manager
7918078,Mary Davis,Receptionist
7194583,Patricia Jones,Receptionist
7587478,Mary Williams,Human Resources Administrator
7964960,Jennifer Brown,Receptionist
7571409,Patricia Brown,Office Manager
7014658,Elizabeth Rodriguez,Patient Coordinator
7077332,Jennifer Garcia,Human Resources Administrator
7870214,Linda Davis,Compliance Officer
7931083,Robert Johnson,Compliance Officer
7445560,Mary Johnson,Human Resources Administrator
7786810,John Johnson,Compliance Officer
7089497,Linda Davis,Supply Chain Coordinator
7912620,Mary Garcia,Billing Coordinator
7922345,Elizabeth Johnson,IT Administrator
7130255,John Davis,Human Resources Administrator
7778800,Linda Williams,Receptionist
7933306,Michael Davis,Billing Coordinator
7844193,Linda Williams,Office Manager
7732389,William Davis,Compliance Officer
7686409,Mary Brown,Health Information Manager
7726950,Jennifer Davis,Human Resources Administrator
7704425,Mary Martinez,Receptionist
7594717,Robert Garcia,Billing Coordinator
7501170,John Brown,Compliance Officer
7978255,Mary Brown,Compliance Officer
7734647,Linda Jones,IT Administrator
7248991,Linda Davis,Supply Chain Coordinator
7385110,Mary Miller,Human Resources Administrator
7835961,Linda Davis,Health Information Manager
7786045,William Jones,IT Administrator
7623527,Patricia Rodriguez,Office Manager
7632843,William Martinez,Compliance Officer
7824735,Mary Brown,IT Administrator
7623523,Linda Rodriguez,IT Administrator
7326257,Patricia Williams,Billing Coordinator
7272955,Jennifer Garcia,Office Manager
7343242,Patricia Garcia,Compliance Officer
7875900,William Davis,Human Resources Administrator
7797475,Robert Johnson,Office Manager
7543490,Linda Miller,Supply Chain Coordinator
7440966,Jennifer Rodriguez,Billing Coordinator
7468746,Jennifer Martinez,Receptionist
7696766,William Jones,Receptionist
7028532,Robert Johnson,Supply Chain Coordinator
7180493,William Martinez,Supply Chain Coordinator
7518599,William Davis,Billing Coordinator
7527683,Michael Brown,Patient Coordinator
7902360,Mary Davis,IT Administrator
7875356,James Smith,Receptionist
7309139,Jennifer Johnson,Office Manager
7088110,Jennifer Miller,Receptionist
7251124,James Johnson,Billing Coordinator
7977678,Michael Williams,Office Manager
7047122,Jennifer Garcia,Supply Chain Coordinator
7430454,Mary Smith,Medical Secretary
7655663,Robert Williams,Medical Secretary
7085292,John Brown,Compliance Officer
7508707,Elizabeth Jones,Supply Chain Coordinator
7575720,Mary Williams,IT Administrator
7892671,Jennifer Brown,Compliance Officer
7110116,John Johnson,IT Administrator
7066122,Patricia Smith,Compliance Officer
7635388,Michael Rodriguez,Health Information Manager
7656984,Elizabeth Smith,Medical Secretary
7936361,Linda Williams,Medical Secretary
7462471,John Jones,Compliance Officer
7047413,Robert Williams,Medical Secretary
7705082,Robert Miller,Human Resources Administrator
7190491,John Rodriguez,IT Administrator
7250640,James Davis,Supply Chain Coordinator
7343711,Linda Johnson,IT Administrator
7889562,William Martinez,Billing Coordinator
7223556,Michael Brown,Receptionist
7506081,John Brown,Compliance Officer
7958255,Jennifer Davis,Office Manager
7418055,William Rodriguez,IT Administrator
7188409,Mary Martinez,Human Resources Administrator
7208439,John Rodriguez,Supply Chain Coordinator
7297706,Linda Miller,Receptionist
7472909,Michael Brown,Receptionist
7426057,Linda Rodriguez,IT Administrator
7718028,Jennifer Smith,Compliance Officer
7661510,William Martinez,Office Manager
7124400,Mary Jones,Human Resources Administrator
7094256,Jennifer Davis,Office Manager
7092933,Patricia Rodriguez,IT Administrator
7808783,Robert Martinez,Medical Secretary
7192783,Jennifer Williams,Office Manager
7006293,William Jones,Supply Chain Coordinator
7119305,James Johnson,Receptionist
7609054,Linda Miller,Patient Coordinator
7446640,Michael Miller,Billing Coordinator
7464212,Patricia Johnson,Patient Coordinator
7910147,James Miller,Medical Secretary
7769995,Linda Davis,Receptionist
7918293,Elizabeth Miller,Health Information Manager
7597194,John Smith,Compliance Officer
7332232,Robert Smith,Receptionist
7177619,Michael Williams,Billing Coordinator
7339155,Elizabeth Jones,Medical Secretary
7584564,Robert Johnson,IT Administrator
7493736,Patricia Davis,Patient Coordinator
7054428,Michael Davis,IT Administrator
7855013,Elizabeth Martinez,IT Administrator
7864501,Robert Miller,Medical Secretary
7189689,William Jones,Medical Secretary
7361766,Mary Brown,Supply Chain Coordinator
7603378,William Martinez,Receptionist
7855158,James Jones,IT Administrator
7716230,Elizabeth Smith,Patient Coordinator
7860940,Michael Garcia,Human Resources Administrator
7916601,Elizabeth Williams,Receptionist
7877925,Jennifer Davis,Patient Coordinator
7697997,Michael Johnson,Compliance Officer
7915889,Elizabeth Johnson,Office Manager
7885965,Robert Williams,Patient Coordinator
7174992,Mary Davis,Patient Coordinator
7542639,Robert Jones,Medical Secretary
7412311,Mary Martinez,Receptionist
7432362,James Brown,Office Manager
7908004,Michael Williams,Medical Secretary
7271389,Jennifer Rodriguez,Billing Coordinator
7484508,Patricia Miller,Compliance Officer
7661730,Linda Jones,Human Resources Administrator
7212637,Elizabeth Brown,Compliance Officer
7558488,Patricia Smith,Medical Secretary
7483582,Jennifer Williams,Human Resources Administrator
7240066,Jennifer Johnson,IT Administrator
7950528,Mary Johnson,Billing Coordinator
7499965,James Jones,Human Resources Administrator
7884640,Patricia Williams,Billing Coordinator
7746233,Jennifer Davis,Health Information Manager
7183642,Mary Jones,Medical Secretary
7280261,Michael Brown,Office Manager
7784804,James Johnson,Human Resources Administrator
7570220,Jennifer Davis,Compliance Officer
7980680,William Smith,Receptionist
7236810,Elizabeth Williams,Human Resources Administrator
7597775,Patricia Miller,IT Administrator
7078077,Robert Garcia,Human Resources Administrator
7659999,William Martinez,Receptionist
7726166,Patricia Rodriguez,Patient Coordinator
7823407,Michael Johnson,Human Resources Administrator
7242375,Linda Johnson,Medical Secretary
7625473,James Martinez,Office Manager
7671537,Elizabeth Smith,Supply Chain Coordinator
7432933,Linda Johnson,Receptionist
7238013,Robert Johnson,Billing Coordinator
7213849,John Williams,Health Information Manager
7570558,Michael Miller,Medical Secretary
7001197,Michael Johnson,Compliance Officer
7921616,Elizabeth Rodriguez,Medical Secretary
7566726,Patricia Jones,Office Manager
7245064,Mary Johnson,Office Manager
7608821,Michael Garcia,Patient Coordinator
7755950,Patricia Smith,Compliance Officer
7196615,Robert Martinez,Patient Coordinator
7332778,William Martinez,Medical Secretary
7478481,James Smith,Medical Secretary
7279977,Robert Williams,Billing Coordinator
7799844,John Garcia,Health Information Manager
7385764,Linda Davis,Human Resources Administrator
7400053,James Smith,Receptionist
7539214,Elizabeth Smith,Medical Secretary
7494216,Mary Davis,Patient Coordinator
7742589,Mary Miller,IT Administrator
7384386,John Smith,IT Administrator
7088807,John Williams,Office Manager
7491691,Jennifer Miller,Health Information Manager
7092490,James Smith,Compliance Officer
7549568,James Johnson,Receptionist
7617279,Michael Martinez,IT Administrator
7969252,Robert Johnson,Health Information Manager
7160848,William Brown,Billing Coordinator
7143898,Elizabeth Rodriguez,Receptionist
7412116,John Martinez,IT Administrator
7604344,Elizabeth Smith,Supply Chain Coordinator
7951794,William Garcia,Health Information Manager
7231953,Robert Rodriguez,Patient Coordinator
7663665,Michael Rodriguez,IT Administrator
7695459,John Martinez,Compliance Officer
7761415,Robert Brown,Billing Coordinator
7599283,Jennifer Miller,Health Information Manager
7678976,Linda Johnson,Office Manager
7857818,Linda Rodriguez,Supply Chain Coordinator
7773043,Robert Martinez,Medical Secretary
7788835,Elizabeth Johnson,Compliance Officer
7264919,John Johnson,Patient Coordinator
7164584,Robert Rodriguez,Health Information Manager
7242398,Elizabeth Rodriguez,Patient Coordinator
7621159,Linda Rodriguez,Health Information Manager
7406454,Jennifer Martinez,Human Resources Administrator
7158295,Michael Martinez,Compliance Officer
7901133,Linda Williams,Compliance Officer
7297507,Elizabeth Davis,IT Administrator
7808329,Michael Smith,IT Administrator
7742628,Mary Rodriguez,Supply Chain Coordinator
7046392,Michael Brown,Office Manager
7051226,Patricia Garcia,Patient Coordinator
7203544,Jennifer Williams,Medical Secretary
7905168,William Johnson,Medical Secretary
7249448,Patricia Jones,Receptionist
7768188,Michael Miller,Health Information Manager
7296394,Michael Smith,Compliance Officer
7666900,Patricia Johnson,Human Resources Administrator
7591514,Mary Brown,Billing Coordinator
7467472,James Davis,Medical Secretary
7004107,Robert Martinez,Patient Coordinator
7563742,Elizabeth Davis,Billing Coordinator
7169532,Elizabeth Miller,Billing Coordinator
7350697,Linda Rodriguez,Supply Chain Coordinator
7906137,William Brown,IT Administrator
7163957,Elizabeth Brown,Billing Coordinator
7501298,Linda Brown,Patient Coordinator
7562093,Mary Miller,Health Information Manager
7141605,Linda Davis,Supply Chain Coordinator
7416320,Michael Brown,Supply Chain Coordinator
7934809,Michael Johnson,Office Manager
7621451,Robert Martinez,IT Administrator
7026534,James Smith,Office Manager
7953242,James Garcia,Supply Chain Coordinator
7427696,Robert Martinez,Receptionist
7563747,Patricia Smith,Office Manager
7489738,Elizabeth Garcia,Health Information Manager
7308905,Mary Smith,Office Manager
7868921,Michael Miller,IT Administrator
7967873,Linda Brown,Human Resources Administrator
7593850,Michael Johnson,Billing Coordinator
7747378,James Smith,Receptionist
7615656,Michael Smith,Patient Coordinator
7422156,Michael Davis,Compliance Officer
7615873,James Rodriguez,Office Manager
7530443,Michael Martinez,Medical Secretary
7556325,Elizabeth Martinez,Supply Chain Coordinator
7343654,John Martinez,Billing Coordinator
7770304,Jennifer Garcia,Supply Chain Coordinator
7944673,James Davis,Human Resources Administrator
7396431,Patricia Rodriguez,Health Information Manager
7737694,William Davis,Patient Coordinator
7594100,James Garcia,Supply Chain Coordinator
7960511,Michael Smith,Medical Secretary
7109862,John Williams,IT Administrator
7767122,James Williams,Medical Secretary
7013645,Patricia Rodriguez,Office Manager
7748040,John Rodriguez,Supply Chain Coordinator
7758764,Michael Williams,Billing Coordinator
7341366,John Williams,Supply Chain Coordinator
7828035,Michael Jones,Receptionist
7424069,Patricia Williams,Receptionist
7652244,Patricia Garcia,Medical Secretary
7921764,Michael Smith,Patient Coordinator
7672847,James Garcia,Supply Chain Coordinator
7623740,James Davis,Receptionist
7584549,John Brown,Billing Coordinator
7065698,Robert Brown,Supply Chain Coordinator
7449353,Linda Jones,Receptionist
7566663,William Jones,Office Manager
7709066,Robert Smith,Compliance Officer
7169223,Elizabeth Johnson,Health Information Manager
7079702,Michael Williams,Medical Secretary
7531002,Elizabeth Smith,Supply Chain Coordinator
7914390,Mary Martinez,Supply Chain Coordinator
7647984,Mary Jones,Patient Coordinator
7993787,Linda Smith,Supply Chain Coordinator
7979801,Michael Davis,Compliance Officer
7704742,Mary Martinez,Medical Secretary
7840937,Jennifer Garcia,Health Information Manager
7108354,Mary Miller,Patient Coordinator
7557514,James Davis,Human Resources Administrator
7814210,James Brown,Patient Coordinator
7719147,Robert Miller,Office Manager
7825045,Robert Smith,Human Resources Administrator
7492559,Elizabeth Rodriguez,Human Resources Administrator
7279193,James Rodriguez,Patient Coordinator
7449232,John Martinez,Medical Secretary
7083412,Patricia Miller,Compliance Officer
7410709,Jennifer Williams,Patient Coordinator
7441747,Patricia Williams,Patient Coordinator
7555865,Elizabeth Davis,Human Resources Administrator
7176081,Linda Smith,Supply Chain Coordinator
7483214,Michael Rodriguez,Compliance Officer
